731515,The Bad Company (Nocturne)
725853,Smash @ The Vault 3
729220,Game Lab Smash Jr #5 (Plus Mario Kart)
724449,Fast Fall Thursdays #2
729032,Tip The Scales 107
731498,Howling at the Moon 661 - Doubles
730351,TGZ Throwdown Thursdays 176
729031,Soft Landing Smash #73
730977,BYOG #137 FT
730797,Duck Hunt 80 - Don't Park Prelocal
730500,Smash Ultimate @ UCI #151
730975,Smash in the Snake #54
731412,PCG Smash 170
730288,Short Hop 139
731047,Sf State Smash Thursdays  11/14/2024
730281,Switch Up Tournament Series at BrawlaPalooza
731467,Welcome to Stephenville FGC - 11/14/24
731400,Warehouse Weekly #15
669226,Banana Bonzaga Brawlers
731051,Who Want Em #10
730447,Black Rose Regulars
731520,Blue Ghost Singles 11/14/2024
730521,Wizard's Foot 164
731191,Freaks Richardson 168 ft $100 in pot bonuses
729158,Backthrow 242
730762,Columbia Smash Fall 2024 #7
730843,RPG FIGHT NIGHT #75
731056,URSA MINOR 42
731180,DMGC Smash Bros Local 146 (now with Rivals 2!)
729921,4o4 By Sh33rZ: Weekly Smash #24
731428,BYU-I Bash #61
730838,Training Room Thursdays #141
731071,OC x Oksl Nov 14th
731037,Senpai Dojo #2
730933,Tiger Trials @ TU 7
730202,Mule Smash 23: PLAYOFF BREAK
731303,Springtown Slam #125
730640,Foco Ultimate Weekly #357
731126,Enter the Ring!! #90
728685,Smash at NSU #2
730737,Smash @ TNLG 14
727886,Gotham City Smash Thursday 11/14/24 $50 Pot Bonus
730787,Advantage State #111
730757,French Bread Rumble #29 @ The Canadian Icehouse
731196,Thursday Beat-Downs #110
730095,SLUSH 7
730226,UARK #80
730201,Indiana Fight Zone #27
730240,Last Level #56
731216,CeR x MBM Fight Club #2
730575,SSB Magog Saison 6 #2
729050,AL 211
731363,Secret Power #36
730337,See You in Grands #161 (Super Weekly)
729577,Drexel Fall 2024 Weekly #8
730559,TeamSaltillo: Victory Road #9
731308,Otaku Zone Season 19 Week 7
730339,Illinois State Smash Weekly #261
730812,Smashatlan Arena #3
726897,UML ACE Fall Damage 11/14
729289,Panthers Den #32
730344,($5) Limit Beasts Training Grounds 71
724899,Thursday Throwdown 120 @ The Hub
731278,Tupelo Smash Tournament #35
729881,RushDown Weekly #23
730604,Pummel at the Plemmons 4
730055,Bay State Beatdown 140
729182,SmashLAN’d #207 | Hosted by Game Arena
731495,EG Alpha #63
730006,Warlock Weekly 025 - S24
731168,217 Smash at Prop Club 171
729214,Kazzet Weekly #2
730399,Tempo Avenue R - 135
729269,BULLET HELL #5 - ELIMINATE SPACE PLEASE
730675,Clock Tower Smash 150
729419,Bug's Bash 10
731188,Smash @ The Answer #19
730171,Throwdown Thursday #250
718396,BSC A.R.CADE Series [DPOTG Parking Lot]
729935,Return to Dragon's Lair 35
731060,PCT Wildcat Weekly #12
729167,Statesville Smash Weekly 33
674857,Fortnite Fiesta
731201,JaxSmash Weekly @ VGR 11/14/24
731339,Dreamer's Bistro Freebies
729416,Local of Lafayette #175
731486,Ult Singles in Your Area 128
731174,Highland Masters 79
729895,ESG Smash Ultimate Weekly #174
729609,L-Cancelled #34
731351,it’s ok 🙂 | BWS #121
730644,NE: Ultimate Weekly #92 ft. Rivals of Aether 2
731414,Express Warm Up! [#5]
729174,Transcendence #21
731149,Sigad Weekly #46
731381,Castle Siege 77
726233,Smash Kingdom #76
730602,Boiling Point 21
731489,SmashUMA $ Bracket #8
730065,UofG Fall 2024 Week 11
731283,Salt Water Smash 313
729678,BPHS Alumni Tournament
729858,Trumbull Scuffle #70 Nice while it lasted
731322,Battle Over The Bridge 163
730459,Inclementer weekleys
730280,FUORICLASSE - Intermediate #2
731257,Rebirth Cup S0-6🍂
731288,Cinnamon Games #10 - Cannelle d'Automne
729917,Up B-arn | S05#05
730385,NA2 SERIES #2
730561,Smash Adventure Zone 4 Act 8
727025,Weekly L #137 - Votos a chegar ao fim!
730277,Smash Quarter 281
730952,Rutilus Taberna #89
730259,Tech sur la Moquette #12 : Inscrivez vous !!
729225,TNT Thursday #17
730131,FragSmash Weekly #108
729157,Manabar Weekly 2024 (#46)
730648,get ready! #88
730727,Get Your Geek On! #10
728221,La Cabane #4
730375,Smash @ Respawn #224
730274,JOKOA #113
729904,Three Frontiers : début de Smash à 19h30
731010,CEGA Smash Ultimate Weekly 2024 #33
704593,Fighting Thursday: Ultimate #39
726084,"Cyanis War, second impact"
730944,Nordic Arcadian Series #42
728931,Big Fish 89
730166,Lounge Angle #12
730191,Daddel Donnerstag #1
730190,Inside the Vortex #09
731030,ANC Smashweekly #237
730709,Battle Phase 45 w/ HDR
729288,Sarnia Smash Series - DBE 137
730803,Smash薬院#62
727977,マエスマ'HIT#52 in 梅田 / Maesuma'HIT#52 in Umeda
728853,真・闘龍門 / Shin Toryumon #71
729823,DIVE#8
730527,Castle Smashers 91
730107,Roadside Rumble #221
723657,Columbus Smash Ultimate Summit 2 Voting Page
728835,Wild Smash Wednesday #114
730966,Howling at the Moon 660 - Reverse Mains
728981,Coopers Irvine SSBU #90
730522,Cornerstone #59
730428,Masher Mayhem #76 - $0 vs $5 Dollar Character!
727994,TRYHAAARDS #13: The Show Must Go On
721339,Smashed to Pieces: The Parking Lot | DPOTG 2024
730285,UDLR's Game Nights Local - Wednesday #92
730998,Epic Online Escapade #16 (All BO5)
731069,Theater Throwdown #21
730478,"The Retro Collection: November 13th - 14th, 2024"
729062,"Guildhouse Weekly 155 - SSBU, GGST, GBVSR!"
729662,KPUR Weekly #47
730049,Living Room Legends #11
730814,Noches de café con FX Cloud #1
731083,Red Deer Smash #206
675529,No Budget Smash
730650,Down Bezzlement
730809,Smashing Legends #387
730887,Cosmic Clash #10
730569,Respawn 11/13
730760,Wednesday Smash Tournament
731029,Coastal Kingdom #21
729770,Harbour Hustle #8 - VIU Smash Bros Weekly
730770,The Agenda #4
730461,LCA Ken Saga The Middle #15
730015,Miércoles de Fight Club #28 Road to Posada Gamer 2024
730483,Novel Tea Smash #6
730824,Ultimate Shockwave 224
730499,Smash Cafe #460 (feat. Melee and P+)
731043,PURE Smash #180
731055,Lobo Mash #137
729825,Mega Drive #199.5
730860,Heartland C.C. Smash Weekly #141
729184,Stop Your Friendlies! #151
730622,Smashons au Vachon 128
730862,I Want the Smoke #2 ($10 TO WINNER)
717213,NOLA Smash Weekly #360
730496,Smash @ Bears 139
730956,DSU F24 Paid #6
731028,RNG Wednesday #38
731034,Shield Break #40
731053,Spellbound Smash 36
730094,Fleming Friendlies #11
729196,Bronco Weekly #11
730271,Fries on a Salad #168: Makerspace mentor applications edition
727842,Pio Pummel #5: THE RETURN OF POOKIE EDITION
730230,Slambana #184
731022,UNC SmashFest #2
730026,UB Smash Club - The Squad Strikes Back
730315,CU Boulder - Baby It's Cold Outside
730554,Wednesday Night Fights #9
730606,Smash La Place #7
717179,The Hill #12
729578,Smash @ Govs 3.8
729745,BCIT Weekly #27
729941,Suffolk Ultimate Scramble 35- 11/13/24
730294,Smashvania #165
730373,REBOOT 118
730847,Bread Winners #77
731036,SLU #152
728074,Eagle's Nest 5
730182,Game Night at Dave and Busters #32
730621,Columbia Parks & Rec. Esports | Smash Ultimate/FGC Weekly | 11/13/2024
731017,Starlight Road #35
726754,Talon Takedown #15
729066,A-Game #6: New Remix
730041,Ignition #361
728820,VGC: Tidal Wave Sunset #49
731011,MSOE Smash Week 11 Fall Semester
730252,ASG Fight Night #155
730725,Runback Wednesday 33
729418,Beyond #13
729916,Super Smash Society #13
730209,We Go Back #58 ($35 pot bonus)
728785,Ascend the Spire #42
729260,The Coinbox #118 - Coinbox IRL Qualifier
729155,Smash @ The Well #10
729644,Instant Combo Tournament 18
729749,Franklin Fsmash #1
729957,The Roost #5
728292,Minor Circuit #7
730871,Express Warm Up! [#4]
730772,MIDWEEK MAYHEM
728557,The Side Deck Smash #224 11/13/24
730106,Base Camp #44 @ The Peak
731073,No Dice #133 - a Smash Ultimate weekly
730319,TTT Wipe Out Wednesday #63
729709,"Breakaway #31 at St. Cloud State! | Smash, Rivals2, and FGC!"
729782,"Shore, Let's Smash! #19"
730439,The Rave 82 - Meow
730485,Mario Kart 8 Deluxe & Smash Ultimate Night @ The Veil Brewing Co.
729679,Buffalo Wild Wednesdays v5.2.2
729734,Wonderfly Weekly #196
730758,Stock Check 66
730572,Rebirth #24 (Rivals of Rebirth)
730637,Smash the Glass Neptoon Edition #2
726677,My Awesome Tournament
729340,Derby Dojo 2024 #45 - Smash Weekly
730580,Shin Sekai S5-3
727298,Troyes Stock #145
729278,Smash @ Stratty #95
730304,Quebra Comandos - Porto Smash Weekly #83
725164,The Fools' Guild CXXIV
730962,Midweek Mashing #34
729389,D-LAY #67
729827,FightHouse Weeklies #91 - November 13th
730323,Weekly Spark S2#10
730384,Salamander's Weekly #6
730180,Weekly Stormwin 2024 45
730021,LA LIGUE - Saison de la Foudre #6
728608,Kargo Season 5 #46
729549,Teatime #167
727413,Smash In The Loods #11
730208,La Weekly de Valenciennes - Edition test #1
729230,Saucismash[NG+] #195 - Ultimate Weekly Lyon
729854,VESTI'AIR #11
730143,Poldo's Weekly: 13 novembre
730154,Melt Chill Ultimate 159 #MCU159
729314,What the Food - Shinkansen #34
730673,L'Orléanoise #140
730127,ExtraPoint 33
683761,LuCy #12 (Weekly)
729025,Le Chaudron #6
730652,RAW #29
728807,Flashback Fightclub #178
729585,Datamine Weekly 62
730730,Selmoo‘s Savage Showdown S02 #23 @Cardarenasalzburg
727573,CLUTCH Smash Weekly #176
728462,MEW 120
730197,Fight Pub #27
730316,Arkade Smash Weekly #206
728293,SWG #54
730152,School of Smash UiO #97
728207,Biweekly Osnabrück 2024 KW 46
728546,Weekly Smash Party ～スマパ～ #162
729813,下克上mini#49
729800,Pincadia Pummel 33
728859,Gnocchi Knockout
730126,Ultimate Pop-Off Village #215
730877,Fake Missed Registration #2
724779,M.I.S.T. - Manawatu Iron Smash Tournament #20
730014,Pōneke Popoff #108 - Hob Goodbye Local
728501,Hyushi Weeklies # 11
730087,VERSUS Reborn #180
725363,Late Night WiFi #100 🎉
721282,Octagon: Parking Lot
730763,Howling at the Moon 659
730890,For all the Marbles #82
729605,Uvic Smash Ultimate #15
730350,TGZ Smashing Tuesdays 154
730073,Random Ass Tournament
726313,Shark Tank #121: Sharks with Heart ❤
729130,Elysium Cafe #4
728819,Tuesday Throwdown #49: Veteran's Day Special
720083,"Fight Night #100  (Las Vegas, NV)"
730684,LAN King Weekly 11/12
730297,Battlefield XPerience #27
729433,MRU Smash #100
730679,Thwack Tuesday 11-12-24
730823,Ensenasty Weekly #6
727207,Alulu #201
728679,$100 Anything But The 3 x SmU5h #69
729443,TOTL Fight Night #3
730753,Freaks Denton 142
726759,Underground Smash #4
729140,OKSL Brewhouse Bash
730453,La Fessée #10
730657,Gold Rush #42
722583,Domino's St. Judes tournament
730418,Smash @ Mizzou 144
729691,BG Battlefield #67
729886,Center Stage #67
730601,OUST 11/12
730639,Smash at George's #47
729622,Magic City Smash #92
729652,Rogue Rumble #116
730504,Timber Tuesdays #59
730703,Weber State Smash 11/12
730340,Battle City #135
730251,Game Underground Weekly 10/12/24
730503,Barnyard Brawls #11
730719,TNTech Smash Club - 11/12/2024
725428,Blue Ox Arena #52
726368,Abitibi E-Sports - Ultimate Weekly - Saison Automne 2024 #11
727976,"The Cookout #27 presented by B-Rab ""badger"" Mayhew"
728669,SocaSmash 107: Myrtle's Weekly
730437,We Tech Those 134
730777,BarnZone Brawl: Gio's Gambling Gambit 15
729648,Tuesday Night Arena #10
728144,Platnite 150 S5E11: Platnite (+?)
729884,UTK Esports Smash Weekly 39
730043,Take the Stock 39
730533,Drive Impact #17
730662,Rushdown #313
730244,Smash Ultimate @ TR #126
729354,The CUT 168 @ New Cabell Hall
729417,Waypoint Warriors 209
709435,SFU TUESDAYS #74
727531,Dragon's Lair 150
730232,CMPG #194
729584,USF Smash @ Skylab #9
730574,Leopard Arena Night - Fall '24 - #7
730213,UMN Smash Club #39
726242,That Local Jawn Weekly #130
728910,Buster Out #105 - Smash Ultimate Weekly at Refuge Gaming
728596,"Fight Night #30 (Schaumburg, IL)"
729843,Tech Chase Tuesday #92
729934,Gauntlet of Goblins #15
729937,ERAU Esports FGC Tournament #11
730299,Sparring Grounds #60
728277,Takedown Tuesday #3
730027,More Than Friendlies #216
730512,Delayed Reaction #7
729341,"Fight Night #100 (Newport, KY)"
728700,CFG Tuesday Trials 163: To Bee or not to Bee
730245,COAL W(izard)eek #101
728468,Ult-Wave #2 (11/12/24)
730618,Last Hope Weekly #3
730666,Express Warm Up! [#3]
730188,Undiscovered Smash 324
730334,ISeeHot Fighting Game Weeklies #9
728725,Le Hub 160
730660,Smash Station #187
595814,Ultimate Smackdown Weeklies
730514,Trojan Trouble #7
729267,Coliseo Smash : IR Training #20
719634,Smash @ grenfell
730311,Case Legends Pre-State Tournament
730199,Le P'tit pénitencier #52
730256,Ultimate @ Xanadu 585
730210,Stock Exchange #43
711211,Marae Weekly Online S6#11
729833,Cathedral Clash #9
721186,Wolves at the Wallis #51
730162,Weekly Bamagotchi 68
730702,Smash Afterclass 118
730117,Magna Arena #170
729574,"Touch Base #70 - ""The Grand Jamboree"""
729794,Melt Bros Ultimate 152 #MBU152
729852,Neomax 2024 #45 - Nottingham FGC Weekly
729212,Bloom4Lyon - Doubles #3
727591,La bi-weekly Aux3D #4
729758,La Capsule Online S2 #9
728387,Ostsee Select #86 (PR Edition)
728228,Week'Rive #42
728533,Dorans Season 6: Class 5
729653,ÖREBRO STOCKROBBERS #41
729240,TLS MAD'Ness #38
729290,Bagarre 2 Bar #49
728983,Smash Hannover Weekly #41
730594,Denims Dojo #13
721954,Expo comics
727179,Fight Night 115
728152,渋谷”達” #49 shibuya -tatsu-
727656,下克上mini#48
729810,WeeklyVac #212
730878,Awesome  University Tournament
730779,Amiibos Return V
729081,FrostBurn 47: Turkey Season
728488,It's Time to Duel! #77
728831,Any Game Tournaments #21 @Kompoocha!!
730342,Howling at the Moon 658
729778,WGACCC #8 — Street Parking
728042,Smash Mondays x Muk Mondays ($10 PRIZE POOL)
729686,The Replay Runback #55
728388,Soul Melter Smash #23 - Powered by Gamer Latam
729380,Battle for the Beehive #98
729963,Honey Badgers SSBU Weekly Practice Week 5
727533,The Pub Game Store - Ultimate Tournament #10
729193,Chad Tourney #149
730016,Blairally Brawl #78: Now With Twice As Many Ganons!
730018,Tree House #41
729974,Mindgames & Mixups 77
730128,LUSSB #78
728080,Zouffle Smash Texas #2
728768,Showdown in the Shoals 124
729037,Ultimate Cenla Mashers #133
729907,Smash Sans Frontières #222
730301,ULTIMATE @ TU 9
729034,Ultimate Cenla Mashers #133
729458,Movement Smash # 196
730332,Hit The Lab! #12
728004,X-Roads #131
726799,SSC | Run the Set #6
729200,Frame Trap #97 @ Red Dragon Brewery!
721951,One Up Ultimate 11.11.24
729412,Gee Gee Well Played #59.5
728214,Honorable Nights #50 ($50 Prize Pool)
730400,Fuel Esports - Smash Bros November 11th
729864,SHCL Presents: Steep Competition #33
729738,Smash @ Epic Gaming #56
728943,Fusion #228
725802,Nav Smash 1
729447,L1ST v1
729545,TOL Smash Masters #13 -  11/11/2024
730212,ShieldPokes 82: GOAT’s Back Edition
728052,Manchester Monday Season 2 #12
729971,MONDAY SMASH 2
729589,UWaterloo Ultimate - Fall 2024: Week 9
729748,Queen City Clash #131
730300,ContenderHV Smash #164
727692,"Hops & Stocks 49 (November 11th, 2024)"
729327,Don't Get Tilted #133
730249,Flip The Score! #70 | Smash @ Throwbacks Jax
730189,HoG: Shock 12.6
730335,The Weekly Contender #115
728987,Scrims Showdown 156
728799,Monday Night Mix @ The New Yorker Hotel (Week 10)
729043,New Super The Battlefield #34
729252,Deadzone #68
728980,"Monday Night Smashball 88 ft. Ult, Melee, SF6"
729763,Bair Trap #65 (Civil War)
729939,Phantasm #162
728359,Downtown Throwdown #357
728776,The Comeback! #127
728852,Revel & Roll West #167
729208,Ultimate Immortal Fight Night #202
730269,Play Don't Quit 10
728435,Kame House Weekly #85 #carddsbasementday2
730331,ITS OVER 9000- SHOW YOUR POWER!!!!! 2
729262,Cavs Scrimmage #4
730110,You Are Salty S4 #10
728948,DAT Monday Meltdown 339
726175,The Tilted House #7
729700,compSocKent 32
729311,La Joute #62
728930,Swansee Me in Bracket #93
730005,Lincoln Smash Ultimate #5
727983,BVGS 2024-25 Smash Ultimate Weekly 8
729780,Critical Fail #9
730140,Monday Night Fighters 14 - 8
715507,CrocoWeekly #10 S2
728113,Dundee Fundies #98: More Rivals Set Ups Than Ultimate
729255,Bailrigg Bitesized #74 | Actimel Tap Jump Edition
728547,Bristol's Dog Zone 11th November
728887,Smasher x Smasher #13
728849,Dôme Tilt Last Dance
729842,ERN Smash 2024 Season 4 Weekly#5
729880,KIT SC Smash Weekly Season 2 #2
728724,Shambles series Timeskip #01
730160,DSDT - Deutschland sucht den Top-Spieler #106
728619,Smash Downtown #47 - Smash à Lez x Burnout
729312,Unit Smash #3
729936,Battle Of Legends #12
729835,Monday Fights #42 - by Frismash
719504,マエスマ'HIT#51 in 枚方 / Maesuma'HIT#51 in Hirakata
728428,City Diggers 127
729786,Offstage #92
730099,Freaks Dallas 52
729874,Howling at the Moon 657 - Random Doubles
729384,Claremont Clash #76
727192,Skewer City #1
729900,Flashpoint Sunday
727659,True Fire Tactics: Smash #17
729747,Games Unlimited Smash Ultimate #164
729846,Battle in the Pond #11
725612,Akihabara Smash #43
727832,Critical Hit Smash #12
729106,Rock Chalk Jab Lock 159
729783,Weekend Wifi x SmU5h #73
728969,Smashatlán Arena #2
728210,The Little One VII
729076,Kava Kombat @ Kava Kraze | #36
729889,Soft landing Smash 73.5
722046,Stein Sunday #5
729978,Arcade At OWA Weekly Smash Bros Tournament 11-10-24
727639,Pounce #2
726632,Smash N' Bash #137
718869,Replay Rewind
727906,Smash Station #308 (Up to $100+ Pot)
721876,Spaced Out Smash Tournament 4
722999,High Altitude
725903,Ringling Rollout Fall 1
729870,Smash Fortress
728021,Shield Breaker #3 @ Valhallan eSports
729729,Sunday smash RIPNSHIP #12
725460,Sandbag Series #39 (BEGINNERS-ONLY)
728756,Monkeying Around #1 (50$ Prize Pool)
729057,Sample Size #12
728415,Battle Rift v2.4
728358,Smasheville ARCADIAN
729960,Super Smash Sunday
723916,Bowser's Rooftop #8 Dia de Muertos Edition
728680,CROWNED #24 | Ultimate & Rivals 2 Weekly
729906,quincenal azteroid Sunrise 7
729606,Thunder Saga #35 Mike Special
726333,Gansito Smash 13: Torre de Batalla
726506,Marcus Bi-Weekly #12
727542,The Oasis #31
728595,BuckI-Shuffle 3
722987,Yeli's Rebirth #6 Spookyn't
729911,Kaedama-Rama #24
729053,Freedom.Zips 106
729927,Kaedama Rama #24
729876,USC Weekly Smash #52
726655,Baby Deez Nebula 65 (go to the other 65)
728458,Baby Deez Nebula 65
729845,House of Cards Arcadian #1
727551,Muravi Games: House of Salt Weeklies #87!
728048,Inauguración LCB MX Apertura 2024
729510,TCA Tussle S2 Sunday Showdown #20
726108,Mythical Market Smash 4
726494,Sunday 3pm smash!
726612,Roc Wall #139
728625,SSB606: Welp
728712,Opticks #29 [$50 Ultimate & P+ Pot Bonus!]
729423,TALK SMACK GET BODIED #172
725710,Raider Rumble III
728750,Maple Lane #117
725861,tomieee1's rumble
727851,Extra Credit #126
728186,NPSC Fall 2024 Weekly #8
725003,Best in the West #2
729555,Coolidge Clash #93
724578,Hino's High Noon #3
718024,Copa Monclova #2
729893,Gerik Treehouse: X12
718540,Ludington Limelights 8-3
725680,Mokete Gaming Final Round
716524,Northern Iowa Knockout 2
727404,ビヨンドエリート：新生 VIII - (Biyondoerito: Shinsei VIII)
728780,Name Pending 77
728892,BUGULA #3
729869,Twin Cities Con Smash Ultimate powered by 2DCon
729394,Smash on the Harbour #215
718337,The Last Ranked Smash - Street Tegus
728953,Smash Knights Fall '24 #12
716284,6 FRAMES #10
729091,Salty Sunday #416
727714,Recharged X #209 - That Wasn't So Hard!
725178,Infinite Stocks 20
723156,Thunder Conquest #2
717498,Operation: Mute City
724483,Lagn't 5
719906,Hypest Meltdown Challenge
730074,RisingCo - For glory
721101,Warrior GMR @ SU!
728397,RVA Sm★sh #151 (2pm Smash Ult / 12:30pm Rivals 2)
728575,Sudden Death Sundays #24
728569,Sandbox #17 - Cork Smash Weekly
718705,Astral Dreams
721441,Anchor Up: The Return of Bulbascore27!
728511,Watch this tournament #17
727662,Smash Bros Ñuñoa #65
728233,Cierzone 21
727826,JV4Corners #7: No Neutral November
727749,La Capital #39
729360,Apasaï Tournament #87
729090,Sonntagsplausch #73
728132,L'Entourloop #58
729429,PermaFrosh 4
729284,MJV #30
728986,Session Cycom Ultimate #1
728621,Smashology #72
729008,Session SE #187
726558,Stormfest : l'anniversaire
727588,Shieldbreakers Stockholm Weekly #107
724082,Bunker Bros. #21
704529,LuCy #4
729004,The Great Kent Offensive #55
722576,Eternal Radiance Monthlies #3: Lucky Number 3!
728926,Checkpoint Torneo Solidario
728628,Les Weeklies du Désert #4
729565,Crimescene #28
728965,lxg 77
726128,Le Club Bagarre
724994,Aniversario LOL300 #1
728244,BO-DEGAT! Special
722710,UpperCity
720250,GG LAN XV
721048,Fighting & Co by Oregami
719163,Solon Jhee Paye Sa Tartibaf' #3
728051,Triton Smash Sunday #131
729781,Sandy Pot
730056,Smash Cabo Weekly 01
729785,Sandy Pot #2
727279,K.O Party #5
729928,Epic Smash Tournament Aguadulce 3
729547,京都DSW328
716078,風来スマッシュ#1
727280,鼎途 #123
729707,Screeching at the Planet
728126,渋谷BeeSmash 34
725570,たなカップnow #1
620138,Late Night WiFi
729694,For all the Marbles #81
713765,闘源郷 / Togenkyo 〜真・闘龍門 外伝〜
727922,Saturday Smash Tournament
729692,Dos Bros Tacos Birthday Special
728998,Smashing The Bros #27
728377,Okay this is Epping #32
728703,Kobra smash online tournament #7
727385,Uintah Smash 10
729408,($5) War Amongst People #65
725085,DeathSquad Ultimate Showdown #6: MDS [STEVE BANNED][$50 POT]
729645,UwU Copa: Nos cancelaron el Overload :(
259896,CG: Expo HotWheels & Coleccionables Vol.2
728043,Pixel Perfect #15
721261,The Interlake Monthly #3
727959,3SU: Super Smash Series Unleashed #14
728942,Octava x Geeky 2
727470,Dark Assembly #56 ($200 CASH PRIZE LEAGUE!!!!)
726562,Kee To The City #3
688209,Radiante 2
727974,St-Jean Cup S4 E6
729395,Reaper's Cup 99
728843,Judgement Time! - HippieHill 9s only!
713293,The Garden #1 ($250 Pot Bonus)
728772,Islander Invasion XVII
724478,Cartridge Gaming #6
727233,Full House Fury #8 - The Final Gambit -
727471,Reaper Smash #35
729499,Friday Night Saturday 125
729164,Converse Esports Smash Event #3
728611,Captains Clash 26
729824,mini smash imperial 3
729518,Atonement (S19) #6 - 11/09/24
722075,WCG Smash Bros Ultimate 11/9/24
728450,Heatstroke Returns
728959,Smash @ Windu's #177
729478,Chomingas House 1
729144,The cave Rebirth S2 #4
728440,Ferris Face Off #5
723956,Maliaño Kart: Copa Trifuerza
729007,Smash at the Den #55: That Neutral B That I Hate
729673,Geeks & Gamers Smash Tournament - Nov. 11th
729643,Rage Quit EXTRA #15
729583,SSBU - Foire du jeux vidéo de Granby 2024 - Organisé par Salon Tanuki
726005,Gen 3.0
727444,Elon University Smash Fest #39
728378,Smash n' shout #4.1
729640,EBA Weekly #23
728937,Under Pressure 8
725376,el gameX - sabatino Poke Cup
724705,Sinistar Monthly #1
728954,Expo Anime Trick o' Treat
728461,Get to the Point 11
729457,Savannah Slamma #120
729658,Salt Factory - Season 7 - Weekly 6
723715,Pio Pummel: Elysium
729635,FSC Smash Circuit Q2 #2
729438,Respawn Platform 78 - 10/11/2024
729728,La octava smash Amateur #1
728072,The Esports Cave: Super Smash Bros Saturdays 39
723068,Tech N Flex 37
729403,Tater Tussle #15
725467,Sylenser's November Monthly Mayhem
727840,Bonus Stage #5
729189,Chinelo e_cup#3
728707,Prison Break #40
725575,Falcon's Nest S3E6
728457,Smash Nay @Convecon - Cierre de temporada
728046,Azote de las estrellas: Buscando la grandeza
729202,Chinelo e-club #3
729489,La ratonera #3
725296,S.H.I.E.L.D. LAG Digamma 3
